PDB-ID,EMD-ID,resolution,contour
6RXT,10051,7,0.03
6RXU,10052,3.5,0.03
6RXZ,10056,4.4,0.03
6SGC,10181,2.8,0.05
6SXO,10344,3.3,0.01
6T34,10373,5.2,0.03
6T83,10398,4,0.02
6GZX,104,4.57,2.3
6TH6,10503,2.55,0.05
6GZZ,105,4.13,3.1
6XU6,10622,3.5,0.025
6XU8,10624,3,0.035
6XZ7,10655,2.1,0.09
6YYT,11007,2.9,3
6Z1P,11032,3.7,0.03
6ZJ3,11232,3.15,0.035
6ZMO,11299,3.1,0.05
6ZQF,11362,4.9,0.01
6ZS9,11390,4,0.02
6ZVK,11459,3.49,0.027
7AJT,11807,4.6,0.01
7ANE,11829,3.9,0.045
7ASA,11891,3.5,0.015
7ASE,11893,3.33,0.0193
7BG9,12174,3.8,0.014
7BGB,12177,3.4,0.022
7NSJ,12569,3.9,0.025
7O9M,12764,2.6,0.15
7OBQ,12799,3.9,0.01
7OF0,12865,2.2,0.004
7OI6,12919,5.7,0.02
7ONU,13002,3,5
7OQE,13033,5.9,0.0125
7PJX,13463,6.5,1.5
7PLA,13486,3.04,0.055
7PTK,13628,5.18,0.1
7PTL,13630,4.9,0.4
7PTQ,13633,4.08,0.15
7PTS,13636,5.71,0.366
7QDU,13926,5.14,0.138
7ZJ4,14740,4.43,0.14
7ZJ5,14741,4.55,0.105
8BTZ,16244,5.39,0.124
2WWB,1652,6.48,0.2
4V7E,1780,5.5,0.11
6HCM,195,6.8,0.07
6HCQ,197,6.5,0.07
4V6U,2009,6.6,0.13
6P7N,20267,4.9,0.08
6POM,20416,4.9,0.046
6UES,20755,3.7,9
6UET,20756,4.1,5
6V5B,21051,3.7,0.6
6W5C,21541,2.9,0.0428
6WB0,21583,4.2,0.02
6WDA,21629,3.8,1
6WLQ,21838,4.7,0.7
6WLR,21839,4.8,1.2
6WLT,21841,4.8,0.8
6WLU,21842,5.7,0.2
6XII,22192,7,0.00722
6XMF,22257,3.1,0.0254
6XMG,22258,4.8,0.0125
6XN7,22269,3.47,0.0185
7JL2,22370,4.3,0.02
4V8M,2239,5.57,108000
7JQQ,22441,4.1,0.0114
7KGB,22865,2.7,0.02
7KRO,23008,3.6,0.4
7L48,23157,3.9,0.0146
7LHD,23336,4.6,0.018
7LJY,23401,5.6,0.459
7MQA,23938,2.7,3.28
7N0D,24104,2.5,0.433
4V8Y,2421,4.3,0.25
4V8Z,2422,6.6,0.15
7R6L,24281,2.85,0.393
7R6M,24282,3.68,0.237
7R6N,24283,4.1,0.225
7R81,24307,2.7,0.5
7RE3,24432,3.33,0.4
7SAM,24952,4.3,0.0264
7SCQ,25041,6,0.0318
4UJE,2620,6.9,3.5
3J7R,2644,3.9,0.065
7UVT,26816,3.9,0.075
4UE4,2843,7,100
6LXD,30005,3.9,0.02
7C7A,30297,2.8,0.006
7DMQ,30767,3.06,0.0038
5A8L,3099,3.8,0.0008
7EGQ,31138,3.35,0.25
7ELE,31182,4.9,0.006
7ELH,31183,3.3,0.006
7EZ0,31385,3.14,0.007
7EZ2,31386,3.05,0.023
7VG2,31963,3.1,0.0436
7XD3,33134,4.05,0.017
7XD4,33135,3.89,0.017
7XD5,33136,2.84,0.01
7XD6,33137,2.84,0.01
7XD7,33138,3.02,0.01
5G2Y,3332,4.5,0.04
7XSK,33425,3.53,0.27
7XSL,33426,3.84,0.22
7XSM,33427,4.01,0.22
7XSN,33428,3.01,0.27
7YC8,33736,4.14,0.1
7YCG,33738,3.18,0.1
7YCH,33739,3.09,0.1
7YCI,33740,2.98,0.1
7YG8,33811,2.97,0.18
7YG9,33812,2.68,0.01
7YGA,33813,2.35,0.3
7YGB,33814,2.62,0.25
7YGC,33815,2.65,0.14
7YGD,33816,3.41,0.2
8HD6,34670,3.73,0.006
8HD7,34671,3.52,0.006
8I7N,35223,2.98,0.02
5MMM,3533,3.4,0.06
5MQF,3545,5.9,0.016
5MRF,3553,4.97,0.0123
5MYJ,3581,5.6,0.035
6FXC,3637,6.76,0.023
5ODV,3785,4,0.021
8SA2,40262,3.1,0.361
8SA3,40263,3,0.363
8SA4,40264,3.1,0.377
8SA5,40265,3.5,0.38
8SA6,40266,5.3,0.169
5LQW,4099,5.8,0.11
5M1J,4140,3.3,3.5
6G4W,4349,4.5,0.04
6ND4,441,4.3,0.0203
6I7O,4427,5.3,0.013
6O1O,454,3.8,0.9
6RJA,4901,3,0.0625
6RM3,4935,3.4,0.0199
4V68,5030,6.4,3.5
4V69,5036,6.7,90
4V6W,5591,6,0.49
4V6X,5592,5,0.7
4V7B,5775,6.8,3
3JD5,5941,7,0.00017
3J6X,5942,6.1,0.815
3J77,5976,6.2,0.12
3J78,5977,6.3,0.12
6OM7,597,3.7,0.022
5AA0,6397,5,0.0392
3JBO,6452,5.8,0.02
3JBP,6454,6.7,0.03
3JBN,6456,4.7,0.03
5JUS,6645,4.2,0.015
5WYK,6696,4.5,0.09
5Z57,6890,6.5,0.0323
5ZAL,6905,4.7,0.04
6J6Q,692,3.7,0.0116
5ZWN,6973,3.4,0.045
6AZ3,7025,2.5,0.065
6CB1,7445,4.6,0.018
6D6V,7821,4.8,0.055
6D90,7834,3.2,0.025
5Y36,8236,5.2,0.0316
5KPV,8280,4.1,0.1
5T2A,8343,2.9,0.01
5T2C,8345,3.6,0.03
5TC1,8397,3.6,3
5TZS,8473,5.1,0.018
5VT0,8732,3.78,0.014
6NY1,8994,4.2,0.3
6E9F,9014,3.3,0.2
6MCB,9066,3.4,0.28
6MCB,9066,3.4,0.28
6ME0,9105,3.6,0.023
6NM9,9398,3.38,0.0177
6LQV,955,4.8,0.022
6AH0,9621,5.7,0.015
6AH3,9622,3.48,0.025
6AHU,9627,3.66,0.0256
6K0B,9900,4.3,0.02
8TJX,41313,2.44,0.5
9LEC,63022,2.51,0.07
8XTS,38649,2.54,0.025
9C6I,45247,2.56,0.6
9LE5,63015,2.58,0.1
9X6B,66618,2.86,0.055
9ZGP,74198,2.86,0.03
9ELY,48162,2.9,9.0
9LHK,63100,2.93,0.09
8T5O,41059,2.98,0.291
9E74,47657,3.0,0.05
9KGG,62318,3.12,0.05
9K9G,62189,3.38,0.08
9E75,47658,3.5,0.05
9QTJ,53353,3.79,0.0847
9Z6I,73840,4.32,13.0
9R7Q,53787,4.41,0.0655
8TVZ,41656,5.94,0.0846
9R7W,53795,6.06,0.14
8BU8,16245,6.56,0.0104
